arc,Name,Street Address,City/County,School District,On-site SBHC or not validated by Dylan and Dr. Shih,Operated By,Delivery Models,School-Based Health Services,Services Offered,Primary Care,Behavioral Health,Provider Team,Provider Information,Source: School-Based Health Alliance,Sources ,HRSA 2025 Data Note
VCU_1,CVHS-Crimson Clinic - Petersburg High School,"3101 Johnson Rd, Petersburg, VA 23805",Petersburg,Petersburg High School,1,"Central Virginia Health Services, Inc.",Traditional,"Medical, Dental, Behavioral Health","physical exams; health care services for students who are sick (co-management with a child’s primary care provider on most health related issues) including asthma and diabetes; immunization updates; individual, group and family counseling, parent guidance; classroom education on wellness issues; crisis intervention; reproductive health services including: gynecological exams (Pap smears, family planning and sexually transmitted infection screenings); and diagnosis and treatment of sexually transmitted diseases",Yes,Yes,"Pediatrics, Family Nurse Practitioner, Dentist, Behavioral Health Clinician, Community Healthcare Worker","
- Ms. Chelsea Smith, FNP
- Dr. Sheilandice Brown, DDS
- Ms. Ashley Waddell, LCSW
",Y,School-Based Health Alliance,Included in 2025 data
VCU_2,PATHS George Washington High School Based Health Center,"701 Broad St, Danville, VA 24541",Danville,Danville Public Schools,1,Piedmont Access To Health Services (PATHS),Traditional,"Medical, Dental, Vision",Preventative and primary care services to children and adolescents,Yes,No,"Nurse Practitioner, Optometrist, Pediatric Dentist, and Certified Community Health Worker","- Dr. Kelechi “Dr. K” Okereke, Pediatric Dentist
",N,VCHA,Included in 2025 data
VCU_3,Craig County Wellness Center,"226 Market St, New Castle, VA 24127",New Castle,Craig County Public Schools,1,Monroe Health Center,Traditional,Medical,"Acute care and illness walk-in sick visits, sports and annual physicals, well-child visits, care for minor injuries, flu vaccinations, preventative medicine, and family planning",Yes,No,N/A,"- Dr. Travis Hansbarger, MD
- Tina Howard, FNP-C
- Laura Jane Barnard, FNP",Y,School-Based Health Alliance,Included in 2025 data
VCU_4,CVHS- Blue Devils Health Center - Hopewell High School,"400 S Mesa Dr, Hopewell, VA 23860",Hopewell,Hopewell Public Schools,1,"Central Virginia Health Services, Inc.",Traditional,"Medical, Dental, Behavioral Health","Medical services including reventative/wellness care, physicals, sick visits, immunizations, chronic disease management; dental services including cleanings, extractions, and fillings; behavioral health services including therapy for children/adolescent and adults, treatment of mood/anxiety, school-relate problems, caregiver-child attachment, foster care issues, grief, stress management, coping with chronic illnesses",Yes,Yes,"Nurse Practitioners, Dentist, Behavioral Health Clinician","- Mr. Michael Ngetich, NP
- Ms. Stella Ngetich, NP
- Dr. Jerome Jackson, DDS
- Ms. Jennifer Weston, LCSW",Y,HRSA Health Center,Included in 2025 data
VCU_5,Highland Medical Center School Based Healthcare,"120 Jackson River Road, Monterey VA 24465",Monterey,Highland County Public Schools,0,"Highland Medical Center, Inc",N/A,"Medical, Counseling","Medical services including Ill child care, Well child screenings, Preventative health screening, Sports physicals, Immunizations, Health education, Physician referrals; Counseling services including Individual and family counseling, Crisis intervention, Mental health screenings, Education, Referrals to additional resources, Treatment for problems such as substance abuse, anger management, anxiety, depression, disruptive behavior, and attention deficit disorders",Yes,Yes,N/A,,Y,School-Based Health Alliance,Included in 2025 data
VCU_6,Eastern Elementary/Middle School,"6899 Virginia Ave, Pembroke, VA 24136",Giles,Giles County Public Schools,0,Community Health Center of the New River Valley,Traditional,Dental,"Preventative dental services which include dental cleanings, exams, x-rays, fluoride treatments, and sealants",No,No,N/A,* Unsure which provider is working at SBHC in Giles and Pulaski schools,N,HRSA Health Center,
VCU_7,Macy McClaugherty Elementary/Middle School,"1001 Henson Ave, Pearisburg, VA 24134",Giles,Giles County Public Schools,0,Community Health Center of the New River Valley,Traditional,0,"Preventative dental services which include dental cleanings, exams, x-rays, fluoride treatments, and sealants",No,No,N/A,* Unsure which provider is working at SBHC in Giles and Pulaski schools,N,HRSA Health Center,
VCU_8,Narrows Elementary/Middle School,"401 Wolf St, Narrows, VA 24124",Giles,Giles County Public Schools,0,Community Health Center of the New River Valley,Traditional,Dental,"Preventative dental services which include dental cleanings, exams, x-rays, fluoride treatments, and sealants",No,No,N/A,* Unsure which provider is working at SBHC in Giles and Pulaski schools,N,HRSA Health Center,
VCU_9,Narrows High School,"1 Green Wave Ln, Narrows, VA 24124",Giles,Giles County Public Schools,0,Community Health Center of the New River Valley,Traditional,Dental,"Preventative dental services which include dental cleanings, exams, x-rays, fluoride treatments, and sealants",No,No,N/A,* Unsure which provider is working at SBHC in Giles and Pulaski schools,N,HRSA Health Center,
VCU_10,Giles High School/Technical Center,"1827 Wenonah Ave, Pearisburg, VA 24134",Giles,Giles County Public Schools,0,Community Health Center of the New River Valley,Traditional,Dental,"Preventative dental services which include dental cleanings, exams, x-rays, fluoride treatments, and sealants",No,No,N/A,* Unsure which provider is working at SBHC in Giles and Pulaski schools,Y,HRSA Health Center,
VCU_11,Galax City Schools,"200 Maroon Tide Drive, Galax, VA 24333",Galax,Galax Public Schools,1,Tri-Area Community Health,"Traditional, Telehealth","Medical, Behavioral","Medical services include physical exams for school, sports & camp, treatment for acute & chronic illness & injuries, vision/hearing screenings and follow-up, referrals for specialty services, basic laboratory services & tests",Yes,Yes,Nurse Practitioner,"- Jenell Joines, NP-C
- LeAnn Pyles, LPC
- Taylor Williams, BS",Y,HRSA Health Center,Included in 2025 data
VCU_12,Dublin Elementary,"600 Dunlap Road Dublin, Virginia 24084",Pulaski,Pulaski County Public Schools,1,Community Health Center of the New River Valley,Traditional,"Medical, Dental","Medical services include sick visits, well-child visits, annual physicals, routine lab work (for established patients), and chronic disease management; Preventative dental services which include dental cleanings, exams, x-rays, fluoride treatments, and sealants",Yes,No,N/A,* Unsure which provider is working at SBHC in Giles and Pulaski schools,N,HRSA Health Center,
VCU_13,Critzer Elementary,"100 Critzer Dr, Pulaski, VA 24301",Pulaski,Pulaski County Public Schools,1,Community Health Center of the New River Valley,Traditional,"Medical, Dental","Medical services include sick visits, well-child visits, annual physicals, routine lab work (for established patients), and chronic disease management; Preventative dental services which include dental cleanings, exams, x-rays, fluoride treatments, and sealants",Yes,No,N/A,* Unsure which provider is working at SBHC in Giles and Pulaski schools,N,HRSA Health Center,
VCU_14,Pulaski Elementary,"2004 Morehead Ln, Pulaski, VA 24301",Pulaski,"Pulaski County Public Schools 
",1,Community Health Center of the New River Valley,Traditional,"Medical, Dental","Medical services include sick visits, well-child visits, annual physicals, routine lab work (for established patients), and chronic disease management; Preventative dental services which include dental cleanings, exams, x-rays, fluoride treatments, and sealants",Yes,No,N/A,* Unsure which provider is working at SBHC in Giles and Pulaski schools,N,HRSA Health Center,
VCU_15,Pulaski County Middle School,"4396 Lee Hwy, Pulaski, VA 24301",Pulaski,"Pulaski County Public Schools 
",1,Community Health Center of the New River Valley,Traditional,"Medical, Dental","Medical services include sick visits, well-child visits, annual physicals, routine lab work (for established patients), and chronic disease management; Preventative dental services which include dental cleanings, exams, x-rays, fluoride treatments, and sealants",Yes,No,N/A,* Unsure which provider is working at SBHC in Giles and Pulaski schools,N,HRSA Health Center,
VCU_16,Riverlawn Elementary,"8100 Beth Nelson Dr, Fairlawn, VA 24141",Pulaski,Pulaski County Public Schools,1,Community Health Center of the New River Valley,Traditional,"Medical, Dental","Medical services include sick visits, well-child visits, annual physicals, routine lab work (for established patients), and chronic disease management; Preventative dental services which include dental cleanings, exams, x-rays, fluoride treatments, and sealants",Yes,No,N/A,* Unsure which provider is working at SBHC in Giles and Pulaski schools,N,HRSA Health Center,
VCU_17,Snowville Elementary,"4858 Lead Mine Rd, Hiwassee, VA 24347",Pulaski,"Pulaski County Public Schools 
",1,Community Health Center of the New River Valley,Traditional,"Medical, Dental","Medical services include sick visits, well-child visits, annual physicals, routine lab work (for established patients), and chronic disease management; Preventative dental services which include dental cleanings, exams, x-rays, fluoride treatments, and sealants",Yes,No,N/A,* Unsure which provider is working at SBHC in Giles and Pulaski schools,N,HRSA Health Center,
VCU_18,Pulaski County High School/CTE Program,"5414 Cougar Trail Rd, Dublin, VA 24084",Pulaski,Pulaski County Public Schools,1,Community Health Center of the New River Valley,Traditional,"Medical, Dental","Medical services include sick visits, well-child visits, annual physicals, routine lab work (for established patients), and chronic disease management; Preventative dental services which include dental cleanings, exams, x-rays, fluoride treatments, and sealants",Yes,No,N/A,* Unsure which provider is working at SBHC in Giles and Pulaski schools,Y,HRSA Health Center,Included in 2025 data
VCU_22,Saltville Elementary School,"1013 E Main St, Saltville, VA 24370",Saltville,Smyth County Public Schools,1,Southwest Virginia Community Health Systems,Traditional,Medical,"Diagnose and treat a variety of acute issues such as Strep, Flu, Mono, COVID-19, skin infections, sinusitis, etc.",Yes,No,Family nurse practitioner,"- Micaela Williams, MSN, APRN, FNP-C",N,HRSA Health Center,Included in 2025 data
VCU_23,Chilhowie Elementary School,"130 Lee Hwy, Chilhowie, VA 24319",Chilhowie,Smyth County Public Schools,1,Southwest Virginia Community Health Systems,Traditional,Medical,"Diagnose and treat a variety of acute issues such as Strep, Flu, Mono, COVID-19, skin infections, sinusitis, etc.",Yes,No,Family nurse practitioner,"- Kimberly Harding, MSN, APRN, FNP-BC",N,HRSA Health Center,Included in 2025 data
VCU_24,Northwood Middle School,"156 Long Hollow Rd, Saltville, VA 24370",Saltville,Smyth County Public Schools,1,Southwest Virginia Community Health Systems,Traditional,Medical,"Diagnose and treat a variety of acute issues such as Strep, Flu, Mono, COVID-19, skin infections, sinusitis, etc.",Yes,No,Family nurse practitioner,"- Micaela Williams, MSN, APRN, FNP-C",N,HRSA Health Center,Included in 2025 data
VCU_25,Van Pelt Elementary School AKA Virginia Primary School,"200 Spring Hill Terrace, Bristol, VA 24201",Saltville,Bristol Public Schools,1,Southwest Virginia Community Health Systems,Traditional,Medical,"Diagnose and treat a variety of acute issues such as Strep, Flu, Mono, COVID-19, skin infections, sinusitis, etc.",Yes,No,Family nurse practitioner,"- Kellie Brown, MSN, APRN, FNP-C",N,HRSA Health Center,Included in 2025 data
VCU_26,Virginia High School,"650 Long Cres Dr, Bristol, VA 24201",Bristol,Smyth County Public Schools,1,Southwest Virginia Community Health Systems,Traditional,Medical,,,,,"- Kellie Brown, MSN, APRN, FNP-C",N,VCHA,
VCU_27-1,"Alexandria City High School 
Teen Wellness Center","3330 King St, Alexandria, VA 22302",Alexandria,Alexandria Public Schools,1,City of Alexandria,Traditional,Medical,"Medical services include immunizations, TB testing, HIV testing, treatment of colds, acne, and other minor illnesses, physical examinations, reproductive health services, behavior change counseling, mental health and substance use counseling",Yes,Yes,N/A,* No information on specific provider,Y,HRSA Health Center,
VCU_28,Fleming/Ruffner Teen Health Center,"3605 Ferncliff Ave NW, Roanoke, VA 24017",Roanoke,Roanoke City Public Schools,1,Carilion Clinic,Traditional,Medical,"Medical services include acute illness treatment, immunizations, school clinic, contraception, mental health counseling, physical exams, diagnosis and treatment of sexually transmitted diseases, mental health counseling, wellness visits",Yes,Yes,Nurse pracititioners,"- Macon M. Hogan, NP
- Erinn E. Hokanson, NP 
",Y,HRSA Health Center,
VCU_29,Patrick Henry Teen Health Center,"2102 Grandin Rd SW, Roanoke, VA 24015",Roanoke,Roanoke City Public Schools,1,Carilion Clinic,Traditional,Medical,"Medical services include acute illness treatment, immunizations, school clinic, contraception, mental health counseling, physical exams, diagnosis and treatment of sexually transmitted diseases, mental health counseling, wellness visits",Yes,Yes,Nurse pracititioners,"- Macon M. Hogan, NP
- Erinn E. Hokanson, NP 
",Y,HRSA Health Center,
VCU_30,Rockfish River Elementary SBHC,"200 Chapel Hollow Rd, Afton, VA 22920",Afton,Nelson County Public Schools,99,99,99,,,,,,,Y,School-Based Health Alliance,Included in 2025 data
VCU_31,Nelson County High School SBHC,"6919 Thomas Nelson Hwy, Lovingston, VA 22949",Lovingston,Nelson County Public Schools,1,"Blue Ridge Medical Center, Inc.",Traditional,"Medical, Dental, Mental",,,,,,Y,School-Based Health Alliance,Included in 2025 data
VCU_32,Tye River Elementary SBHC,"5198 Thomas Nelson Hwy, Arrington, VA 22922",Arrington,Nelson County Public Schools,1,"Blue Ridge Medical Center, Inc.",Traditional,,,,,,,Y,School-Based Health Alliance,Included in 2025 data
VCU_33,Shenandoah South Wellness Center,,Quicksburg,Shenandoah County Public Schools,0,Shenandoah Community Health Clinic,Traditional,"Medical, Dental, Mental","medical, dental and mental health",Y,Y,Nurse Practitioner,"Regina Wardwell, NP",Y,School-Based Health Alliance,
VCU_34,New Kent Elementary School,"11705 New Kent Hwy, New Kent VA 23124",New Kent,New Kent County Public Schools,0,99,99,,,,,,,Y,School-Based Health Alliance,
VCU_40,Maury River Middle School Health Center,"600 Waddell St, Lexington, VA 24450",Lexington,Rockbridge County Public Schools,1,Rockbridge Area Health Center (RAHC),Traditional,"Medical, Behavioral, Dental","Primary care services (e.g., physical exams, vaccinations, routine lab tests, care for chronic conditions, care for pediatric & adolescent health concerns); Behavioral health services (e.g., behavioral/mental health assessment, screening and intervention, individual and small group counseling, drug or alcohol use treatment); Oral health services (e.g., routine dental exams, X-rays, prophylaxis (teeth cleaning), fluoride treatment, sealants -- (Provided at all local public-school sites biannually))",Yes,Yes,Supervisee in Social Work,"- Raegan Paxton, MSW",N,HRSA Health Center,New
VCU_41,Rockbridge County High School Health Center,"143 Greenhouse Rd, Lexington, VA 24450",Lexington,Rockbridge County Public Schools,1,Rockbridge Area Health Center (RAHC),Traditional,"Medical, Behavioral, Dental","Primary care services (e.g., physical exams, vaccinations, routine lab tests, care for chronic conditions, care for pediatric & adolescent health concerns); Behavioral health services (e.g., behavioral/mental health assessment, screening and intervention, individual and small group counseling, drug or alcohol use treatment); Oral health services (e.g., routine dental exams, X-rays, prophylaxis (teeth cleaning), fluoride treatment, sealants -- (Provided at all local public-school sites biannually))",Yes,Yes,"- Physician assistant
- Resident in counseling","- Kerry Stillwell, PA-C
- Autumn Kelland, MA",N,HRSA Health Center,New
VCU_42,Nelson County Middle School SBHC,"6925 Thomas Nelson Hwy, Lovingston, VA 22949",Lovingston,Nelson County Public Schools,1,"Blue Ridge Medical Center, Inc.",Traditional,"Medical, Dental, Mental",,,,,,N,HRSA Health Center,New
VCU_43,Lunenburg Middle School,"583 Tomlinson Rd, Victoria, VA 23974",Victoria,Lunenburg County Public Schools,99,"Southern Dominion Health System, Inc",99,,,,,,,N,HRSA Health Center,New
VCU_44,Carroll County School Based Clinic,"100 Cavs Lane, Hillsville, VA 24343",Hillsville,Carroll County Schools,1,Tri-Area Community Health,"Traditional, Telehealth","Medical, Behavioral Health","Medical services include physical exams for school, sports & camp, treatment for acute & chronic illness & injuries, vision/hearing screenings and follow-up, referrals for specialty services, basic laboratory services & tests",Yes,No,"- Nurse practitioner
- Licensed professional counselor
- Licensed practical nurse
- Behavior health educator","- Jacquelyn Hinkley, FNP-C
- Donna Gibson, FNP-C
- Hailie Cushman, LPC, M.Ed.
- Susan Huff, LPN
- Robin S. Graham",Y,HRSA Health Center,New
VCU_45,John S. Battle High School,"21264 Battle Hill Dr, Bristol, VA 24202",Bristol,Washington County Public Schools,1,Southwest Virginia Community Health Systems,Traditional,Medical,"Diagnose and treat a variety of acute issues such as Strep, Flu, Mono, COVID-19, skin infections, sinusitis, etc.",Yes,No,Family nurse practitioner,"- Kelsie Strong, MSN, FNP-BC, FNP-C",N,HRSA Health Center,New
VCU_46,Kenbridge Elementary School,"215 Nottoway Falls Rd, Kenbridge, VA 23944",Kenbridge,Lunenburg County Public Schools,99,"Southern Dominion Health System, Inc",99,,,,,- Registered Nurse,- Lynn Redman,N,HRSA Health Center,New
VCU_47,High Point Elementary School,"14091 Sinking Creek Rd, Bristol, VA 24202",Bristol,Washington County Public Schools,1,Southwest Virginia Community Health Systems,99,,,,,,,N,HRSA Health Center,New
VCU_48,Chilhowie High School,"1160 E Lee Hwy, Chilhowie, VA 24319",Chilhowie,Smyth County Public Schools,1,Southwest Virginia Community Health Systems,Traditional,Medical,"Diagnose and treat a variety of acute issues such as Strep, Flu, Mono, COVID-19, skin infections, sinusitis, etc.",Yes,No,Family nurse practitioner,"- Kimberly Harding, MSN, APRN, FNP-BC",N,HRSA Health Center,New
VCU_49,Central High School,"131 K-V Rd, Victoria, VA 23974",Victoria,Lunenburg County Public Schools,99,"Southern Dominion Health System, Inc",99,,,,,,,N,HRSA Health Center,New
VCU_51,Victoria Elementary School,"1521 8th St, Victoria, VA 23974",Victoria,Lunenburg County Public Schools,99,SOUTHERN DOMINION HEALTH,99,,,,,,,,HRSA Health Center,
VCU_53,Lift Center - Fallon Park Elementary School,"502 19th St SE, Roanoke, VA 24013",Roanoke,Roanoke City Public Schools,1,Carilion Children’s,Traditional,"Medical, Dental, Mental","sick care, well checks, immunizations and school and sports physicals",Yes,Yes,"- Nurse Practioner
- Registered Nurse",,Y,School-Based Health Alliance,Not Included
VCU_54,Grayson County School Based Clinic,"110 Blue Devil Drive, Independence, VA 24248",Independence,Grayson County Schools,1,Tri-Area Community Health,"Traditional, Telehealth","Medical, Behavioral Health","Medical services include physical exams for school, sports & camp, treatment for acute & chronic illness & injuries, vision/hearing screenings and follow-up, referrals for specialty services, basic laboratory services & tests",Yes,No,"- Nurse practitioner
- Licensed Clinical Social worker
- Registered Nurse
- Behavior health educator","- Jane Sage, FNP
- Lisa Parks, RN
- Ally Lewis, BHE
- Daniel Brooks, LCSW",N,HRSA Health Center,New
VCU_27-2,"Alexandria City HS 
Teen Wellness Center
Minnie Howard Campus","3701 W Braddock Rd, Alexandria, VA 22302",Alexandria,Alexandria Public Schools,1,City of Alexandria,Traditional,Medical,"Medical services include immunizations, TB testing, HIV testing, treatment of colds, acne, and other minor illnesses, physical examinations, reproductive health services, behavior change counseling, mental health and substance use counseling",Yes,Yes,N/A,* No information on specific provider,Y,HRSA Health Center,
VCU_55,Virginia Primary School,"350 Spring Hill Terrace, Bristol, VA 24201",Bristol,Bristol Public Schools,1,Southwest Virginia Community Health Systems,99,,,,,,,N,HRSA Health Center,New